ArchiveFileID,fileSetName,productLevel,targprop,targ_ra,targ_dec,instrume,exp_type,date_obs,duration,program,observtn,visit,pi_name,targtype,search_key,cal_ver,s_region,ang_sep,search_pos,proposal_type,proposal_cycle,publicReleaseDate,opticalElements,access,includedLevels
228061827,jw05959010001_04101_00001,"1b, 2a, 2b",BD+40-2790,217.3915978383323,39.79037951028699,NIRISS,NIS_SOSS,2025-04-18T00:50:49.8890000,4.448,5959,10,1,"Feinstein, Adina",FIXED,228061827,1.20.2,POLYGON ICRS  217.348288740 39.804641563 217.395974891 39.794324952 217.393897636 39.788758575 217.346210623 39.799068603,0,217.39268 39.79043,GO,3,2025-04-18T14:04:36,CLEAR;GR700XD,PUBLIC,
228069089,jw05959010001_04102_00001,"1b, 2a, 2b, 2c",BD+40-2790,217.3915978219273,39.79037950955462,NIRISS,NIS_SOSS,2025-04-18T00:52:01.9270000,24118.178,5959,10,1,"Feinstein, Adina",FIXED,228069089,1.20.2,POLYGON ICRS  217.348288739 39.804641571 217.395974889 39.794324958 217.393897633 39.788758581 217.346210622 39.799068611,0,217.39268 39.79043,GO,3,2025-04-19T12:53:57,CLEAR;GR700XD,PUBLIC,
228061440,jw05959010001_04103_00001,"1b, 2a",BD+40-2790,217.3915978054241,39.79037950881786,NIRISS,NIS_SOSS,2025-04-18T07:35:49.2880000,66.625,5959,10,1,"Feinstein, Adina",FIXED,228061440,1.20.2,POLYGON ICRS  217.348288653 39.804641613 217.395974804 39.794325003 217.393897549 39.788758626 217.346210536 39.799068653,0,217.39268 39.79043,GO,3,2025-04-18T13:11:24,F277W;GR700XD,PUBLIC,
228062897,jw05959012001_04101_00001,"1b, 2a, 2b",BD+40-2790,217.3915900657992,39.79037916329685,NIRISS,NIS_SOSS,2025-06-23T13:07:05.8810000,4.448,5959,12,1,"Feinstein, Adina",FIXED,228062897,1.20.2,POLYGON ICRS  217.356311168 39.766404148 217.388825584 39.795115131 217.394487105 39.791292970 217.361976991 39.762578052,0,217.39268 39.79043,GO,3,2025-06-24T08:47:53,CLEAR;GR700XD,PUBLIC,
228070001,jw05959012001_04102_00001,"1b, 2a, 2b, 2c",BD+40-2790,217.3915900469637,39.79037916245597,NIRISS,NIS_SOSS,2025-06-23T13:08:16.0810000,27715.917,5959,12,1,"Feinstein, Adina",FIXED,228070001,1.20.2,POLYGON ICRS  217.356311064 39.766403993 217.388825496 39.795114965 217.394487015 39.791292802 217.361976885 39.762577896,0,217.39268 39.79043,GO,3,2025-06-25T18:07:35,CLEAR;GR700XD,PUBLIC,
228062283,jw05959012001_04103_00001,"1b, 2a",BD+40-2790,217.3915900280338,39.79037916161089,NIRISS,NIS_SOSS,2025-06-23T20:51:56.4450000,66.625,5959,12,1,"Feinstein, Adina",FIXED,228062283,1.20.2,POLYGON ICRS  217.356311058 39.766403951 217.388825496 39.795114918 217.394487014 39.791292755 217.361976877 39.762577853,0,217.39268 39.79043,GO,3,2025-06-24T08:17:33,F277W;GR700XD,PUBLIC,
228063456,jw05959014001_04101_00001,"1b, 2a, 2b",BD+40-2790,217.3916082545169,39.79037997529798,NIRISS,NIS_SOSS,2025-01-18T21:38:25.8780000,4.448,5959,14,1,"Feinstein, Adina",FIXED,228063456,1.20.2,POLYGON ICRS  217.413486956 39.822458077 217.396401124 39.786731397 217.389339014 39.788752138 217.406414578 39.824483678,0,217.39268 39.79043,GO,3,2025-01-19T05:10:55,CLEAR;GR700XD,PUBLIC,
228070678,jw05959014001_04102_00001,"1b, 2a, 2b, 2c",BD+40-2790,217.3916082381118,39.79037997456561,NIRISS,NIS_SOSS,2025-01-18T21:39:37.9800000,24118.178,5959,14,1,"Feinstein, Adina",FIXED,228070678,1.20.2,POLYGON ICRS  217.413486948 39.822458103 217.396401113 39.786731424 217.389339003 39.788752166 217.406414571 39.824483705,0,217.39268 39.79043,GO,3,2025-01-20T07:26:40,CLEAR;GR700XD,PUBLIC,
228062982,jw05959014001_04103_00001,"1b, 2a",BD+40-2790,217.3916082216057,39.79037997382872,NIRISS,NIS_SOSS,2025-01-19T04:23:27.4530000,66.625,5959,14,1,"Feinstein, Adina",FIXED,228062982,1.20.2,POLYGON ICRS  217.413486946 39.822458117 217.396401113 39.786731437 217.389339003 39.788752179 217.406414568 39.824483719,0,217.39268 39.79043,GO,3,2025-01-19T04:51:01,F277W;GR700XD,PUBLIC,
